<?xml version="1.0" encoding="ISO-8859-1"?><Invoice xmlns="urn:oasis:names:specification:ubl:schema:xsd:Invoice-2" xmlns:cac="urn:oasis:names:specification:ubl:schema:xsd:CommonAggregateComponents-2" xmlns:cbc="urn:oasis:names:specification:ubl:schema:xsd:CommonBasicComponents-2" xmlns:ccts="urn:un:unece:uncefact:documentation:2" xmlns:cec="urn:oasis:names:specification:ubl:schema:xsd:CommonExtensionComponents-2" xmlns:ds="http://www.w3.org/2000/09/xmldsig#" xmlns:ext="urn:oasis:names:specification:ubl:schema:xsd:CommonExtensionComponents-2" xmlns:qdt="urn:oasis:names:specification:ubl:schema:xsd:QualifiedDatatypes-2" xmlns:sac="urn:sunat:names:specification:ubl:peru:schema:xsd:SunatAggregateComponents-1" xmlns:udt="urn:un:unece:uncefact:data:specification:UnqualifiedDataTypesSchemaModule:2" xmlns:xs="http://www.w3.org/2001/XMLSchema" xmlns:xsi="http://www.w3.org/2001/XMLSchema-instance">
    <ext:UBLExtensions>
        <ext:UBLExtension>
            <ext:ExtensionContent><ds:Signature Id="PROJECT-OPENUBL" xmlns:ds="http://www.w3.org/2000/09/xmldsig#"><ds:SignedInfo><ds:CanonicalizationMethod Algorithm="http://www.w3.org/TR/2001/REC-xml-c14n-20010315"/><ds:SignatureMethod Algorithm="http://www.w3.org/2000/09/xmldsig#rsa-sha1"/><ds:Reference URI=""><ds:Transforms><ds:Transform Algorithm="http://www.w3.org/2000/09/xmldsig#enveloped-signature"/></ds:Transforms><ds:DigestMethod Algorithm="http://www.w3.org/2000/09/xmldsig#sha1"/><ds:DigestValue>dUdjbsfAegqmI/hBripxnCim3XM=</ds:DigestValue></ds:Reference></ds:SignedInfo><ds:SignatureValue>Zro7GhJO4GASJgl7urUVy/mAOtfqO4lZMrHbdyFHPpk5ww7B/1fA85ykp/w0rvLP4hFrXPIqVkDf&#13;
Z/aDjfWnOyvlNGR0Gha/wNGrompWEdPFcAp3Wuz/LPdhfSYhx0SpouG+S3HxIvL82FiL8XOjZQbz&#13;
2N2h3/IFc6Ya6wlFNaeJdmaSxHgPIvTxUzuFjNCVorC2SCwnG+G7K5n1RLwwS/QHH8BJGaICsLH4&#13;
faEqfdmXNMBJPf4u0Ya2EHPEi5EDzHZIkwWj11icptQIPa0mb6Q0S5zVcMgCWiWkvaxYlnrUvRd4&#13;
j3HAIBamLkObLHirrHpGu7aE3R8WtY7R31fpXA==</ds:SignatureValue><ds:KeyInfo><ds:X509Data><ds:X509Certificate>MIIE+DCCA+CgAwIBAgIJALURz7AYmJ5+MA0GCSqGSIb3DQEBBQUAMIIBDTEbMBkGCgmSJomT8ixk&#13;
ARkWC0xMQU1BLlBFIFNBMQswCQYDVQQGEwJQRTENMAsGA1UECAwETElNQTENMAsGA1UEBwwETElN&#13;
QTEYMBYGA1UECgwPVFUgRU1QUkVTQSBTLkEuMUUwQwYDVQQLDDxETkkgOTk5OTk5OSBSVUMgMTA0&#13;
Njc3OTM1NDkgLSBDRVJUSUZJQ0FETyBQQVJBIERFTU9TVFJBQ0nDk04xRDBCBgNVBAMMO05PTUJS&#13;
RSBSRVBSRVNFTlRBTlRFIExFR0FMIC0gQ0VSVElGSUNBRE8gUEFSQSBERU1PU1RSQUNJw5NOMRww&#13;
GgYJKoZIhvcNAQkBFg1kZW1vQGxsYW1hLnBlMB4XDTE5MTEwODEyNTY1MFoXDTIxMTEwNzEyNTY1&#13;
MFowggENMRswGQYKCZImiZPyLGQBGRYLTExBTUEuUEUgU0ExCzAJBgNVBAYTAlBFMQ0wCwYDVQQI&#13;
DARMSU1BMQ0wCwYDVQQHDARMSU1BMRgwFgYDVQQKDA9UVSBFTVBSRVNBIFMuQS4xRTBDBgNVBAsM&#13;
PEROSSA5OTk5OTk5IFJVQyAxMDQ2Nzc5MzU0OSAtIENFUlRJRklDQURPIFBBUkEgREVNT1NUUkFD&#13;
ScOTTjFEMEIGA1UEAww7Tk9NQlJFIFJFUFJFU0VOVEFOVEUgTEVHQUwgLSBDRVJUSUZJQ0FETyBQ&#13;
QVJBIERFTU9TVFJBQ0nDk04xHDAaBgkqhkiG9w0BCQEWDWRlbW9AbGxhbWEucGUwggEiMA0GCSqG&#13;
SIb3DQEBAQUAA4IBDwAwggEKAoIBAQCuE7cfjyUaRE1w82EDq5N3zTg2czEGRcopOBHwOV1fy9Oa&#13;
t/Qmo0YwvFSWpIbUqVF6UdBe8jPsZY7Q2ATQNn14wRQtLtLxgy6PpFkUK50Nv9pqzEfIK+NV90ol&#13;
QXgEg88o3Z2+MUEBDPh8j/f89x6m0irPDOX7xKvJcRsmABSaNpLY84TrlF49Egg05XVWLuXC8vMf&#13;
RmXWyv6jK06dcAjVhGUpmGBxLm/ld5f+p9GlshB2rFyWhUBBf++g3xCwtPpyFmv+ARltScOzYcPb&#13;
zr9fODbtHDwHDLschuGEpg8rZOwVqekyGxNW0LeDGnq6YtvcW5qVrtEELvqcNkL0D73lAgMBAAGj&#13;
VzBVMB0GA1UdDgQWBBTe18LHVKkeRrWs3Bxp1ikK50l96jAfBgNVHSMEGDAWgBTe18LHVKkeRrWs&#13;
3Bxp1ikK50l96jATBgNVHSUEDDAKBggrBgEFBQcDATANBgkqhkiG9w0BAQUFAAOCAQEASBWcP4Ai&#13;
qUUZSG2/Z3RU3BgvOVV3if8xYAaZT99n5PsvyBiZ3Gh6VpAW9ezoe25ZNSqGMmGfq+R4mEuiqK4h&#13;
6jDJp0fN47IwRhWjttB9dwpxIDEkWW7zPdueGx+BY8EuyfNDWR/C7GPfu6azSHiapzeKC57AAZ8x&#13;
o8kDdhXxDy8hTqNGolkqnc6QutW8cYPeonqyhi2THN163lZ3Cx5OV8vGFQ3ou2msF0klY9qXopI9&#13;
i8wQjEeOG6bCvVxdID9ZjTbuGbO9pAN9hH7hZ41XEG/CspSWbFf1/Wbnlfusne9v9NgRj0MM+LAH&#13;
M7AO5/7j1XwRq4x+U9TSVPgpoU9l5Q==</ds:X509Certificate></ds:X509Data></ds:KeyInfo></ds:Signature></ext:ExtensionContent>
        </ext:UBLExtension>
    </ext:UBLExtensions>
    <cbc:UBLVersionID>2.1</cbc:UBLVersionID>
    <cbc:CustomizationID>2.0</cbc:CustomizationID>
    <cbc:ID>F001-1</cbc:ID>
    <cbc:IssueDate>2019-12-24</cbc:IssueDate>
    <cbc:InvoiceTypeCode listAgencyName="PE:SUNAT" listID="0101" listName="Tipo de Documento" listURI="urn:pe:gob:sunat:cpe:see:gem:catalogos:catalogo01">01</cbc:InvoiceTypeCode>
    <cbc:DocumentCurrencyCode listAgencyName="United Nations Economic Commission for Europe" listID="ISO 4217 Alpha" listName="Currency">PEN</cbc:DocumentCurrencyCode>
    <cac:Signature>
        <cbc:ID>12345678912</cbc:ID>
        <cac:SignatoryParty>
            <cac:PartyIdentification>
                <cbc:ID>12345678912</cbc:ID>
            </cac:PartyIdentification>
            <cac:PartyName>
                <cbc:Name><![CDATA[Softgreen S.A.C.]]></cbc:Name>
            </cac:PartyName>
        </cac:SignatoryParty>
        <cac:DigitalSignatureAttachment>
            <cac:ExternalReference>
                <cbc:URI>#PROJECT-OPENUBL-SIGN</cbc:URI>
            </cac:ExternalReference>
        </cac:DigitalSignatureAttachment>
    </cac:Signature>
    <cac:AccountingSupplierParty>
        <cac:Party>
            <cac:PartyIdentification>
                <cbc:ID schemeAgencyName="PE:SUNAT" schemeID="6" schemeName="Documento de Identidad" schemeURI="urn:pe:gob:sunat:cpe:see:gem:catalogos:catalogo06">12345678912</cbc:ID>
            </cac:PartyIdentification>
            <cac:PartyLegalEntity>
                <cbc:RegistrationName><![CDATA[Softgreen S.A.C.]]></cbc:RegistrationName>
                <cac:RegistrationAddress>
                    <cbc:AddressTypeCode>0000</cbc:AddressTypeCode>
                </cac:RegistrationAddress>
            </cac:PartyLegalEntity>
        </cac:Party>
    </cac:AccountingSupplierParty>
    <cac:AccountingCustomerParty>
        <cac:Party>
            <cac:PartyIdentification>
                <cbc:ID schemeAgencyName="PE:SUNAT" schemeID="6" schemeName="Documento de Identidad" schemeURI="urn:pe:gob:sunat:cpe:see:gem:catalogos:catalogo06">12121212121</cbc:ID>
            </cac:PartyIdentification>
            <cac:PartyLegalEntity>
                <cbc:RegistrationName><![CDATA[Carlos Feria]]></cbc:RegistrationName>
            </cac:PartyLegalEntity>
        </cac:Party>
    </cac:AccountingCustomerParty>
    <cac:PaymentTerms>
        <cbc:ID>FormaPago</cbc:ID>
        <cbc:PaymentMeansID>Contado</cbc:PaymentMeansID>
    </cac:PaymentTerms>
    <cac:TaxTotal>
        <cbc:TaxAmount currencyID="PEN">360.00</cbc:TaxAmount>
        <cac:TaxSubtotal>
            <cbc:TaxableAmount currencyID="PEN">2000.00</cbc:TaxableAmount>
            <cbc:TaxAmount currencyID="PEN">360.00</cbc:TaxAmount>
            <cac:TaxCategory>
                <cbc:ID schemeAgencyName="United Nations Economic Commission for Europe" schemeID="UN/ECE 5305" schemeName="Tax Category Identifie">S</cbc:ID>
                <cac:TaxScheme>
                    <cbc:ID schemeAgencyName="PE:SUNAT" schemeID="UN/ECE 5153" schemeName="Codigo de tributos">1000</cbc:ID>
                    <cbc:Name>IGV</cbc:Name>
                    <cbc:TaxTypeCode>VAT</cbc:TaxTypeCode>
                </cac:TaxScheme>
            </cac:TaxCategory>
        </cac:TaxSubtotal>
    </cac:TaxTotal>
    <cac:LegalMonetaryTotal>
        <cbc:LineExtensionAmount currencyID="PEN">2000.00</cbc:LineExtensionAmount>
        <cbc:TaxInclusiveAmount currencyID="PEN">2360.00</cbc:TaxInclusiveAmount>
        <cbc:PrepaidAmount currencyID="PEN">0</cbc:PrepaidAmount>
        <cbc:PayableAmount currencyID="PEN">2360.00</cbc:PayableAmount>
    </cac:LegalMonetaryTotal>
    <cac:InvoiceLine>
        <cbc:ID>1</cbc:ID>
        <cbc:InvoicedQuantity unitCode="KGM" unitCodeListAgencyName="United Nations Economic Commission for Europe" unitCodeListID="UN/ECE rec 20">10</cbc:InvoicedQuantity>
        <cbc:LineExtensionAmount currencyID="PEN">1000.00</cbc:LineExtensionAmount>
        <cac:PricingReference>
            <cac:AlternativeConditionPrice>
                <cbc:PriceAmount currencyID="PEN">118.00</cbc:PriceAmount>
                <cbc:PriceTypeCode listAgencyName="PE:SUNAT" listName="Tipo de Precio" listURI="urn:pe:gob:sunat:cpe:see:gem:catalogos:catalogo16">01</cbc:PriceTypeCode>
            </cac:AlternativeConditionPrice>
        </cac:PricingReference>
        <cac:TaxTotal>
            <cbc:TaxAmount currencyID="PEN">180.00</cbc:TaxAmount>
            <cac:TaxSubtotal>
                <cbc:TaxableAmount currencyID="PEN">1000.00</cbc:TaxableAmount>
                <cbc:TaxAmount currencyID="PEN">180.00</cbc:TaxAmount>
                <cac:TaxCategory>
                    <cbc:ID schemeAgencyName="United Nations Economic Commission for Europe" schemeID="UN/ECE 5305" schemeName="Tax Category Identifier">S</cbc:ID>
                    <cbc:Percent>18.00</cbc:Percent>
                    <cbc:TaxExemptionReasonCode listAgencyName="PE:SUNAT" listName="Afectacion del IGV" listURI="urn:pe:gob:sunat:cpe:see:gem:catalogos:catalogo07">10</cbc:TaxExemptionReasonCode>
                    <cac:TaxScheme>
                        <cbc:ID schemeAgencyName="PE:SUNAT" schemeID="UN/ECE 5153" schemeName="Codigo de tributos">1000</cbc:ID>
                        <cbc:Name>IGV</cbc:Name>
                        <cbc:TaxTypeCode>VAT</cbc:TaxTypeCode>
                    </cac:TaxScheme>
                </cac:TaxCategory>
            </cac:TaxSubtotal>
        </cac:TaxTotal>
        <cac:Item>
            <cbc:Description><![CDATA[Item1]]></cbc:Description>
        </cac:Item>
        <cac:Price>
            <cbc:PriceAmount currencyID="PEN">100.00</cbc:PriceAmount>
        </cac:Price>
    </cac:InvoiceLine>
    <cac:InvoiceLine>
        <cbc:ID>2</cbc:ID>
        <cbc:InvoicedQuantity unitCode="KGM" unitCodeListAgencyName="United Nations Economic Commission for Europe" unitCodeListID="UN/ECE rec 20">10</cbc:InvoicedQuantity>
        <cbc:LineExtensionAmount currencyID="PEN">1000.00</cbc:LineExtensionAmount>
        <cac:PricingReference>
            <cac:AlternativeConditionPrice>
                <cbc:PriceAmount currencyID="PEN">118.00</cbc:PriceAmount>
                <cbc:PriceTypeCode listAgencyName="PE:SUNAT" listName="Tipo de Precio" listURI="urn:pe:gob:sunat:cpe:see:gem:catalogos:catalogo16">01</cbc:PriceTypeCode>
            </cac:AlternativeConditionPrice>
        </cac:PricingReference>
        <cac:TaxTotal>
            <cbc:TaxAmount currencyID="PEN">180.00</cbc:TaxAmount>
            <cac:TaxSubtotal>
                <cbc:TaxableAmount currencyID="PEN">1000.00</cbc:TaxableAmount>
                <cbc:TaxAmount currencyID="PEN">180.00</cbc:TaxAmount>
                <cac:TaxCategory>
                    <cbc:ID schemeAgencyName="United Nations Economic Commission for Europe" schemeID="UN/ECE 5305" schemeName="Tax Category Identifier">S</cbc:ID>
                    <cbc:Percent>18.00</cbc:Percent>
                    <cbc:TaxExemptionReasonCode listAgencyName="PE:SUNAT" listName="Afectacion del IGV" listURI="urn:pe:gob:sunat:cpe:see:gem:catalogos:catalogo07">10</cbc:TaxExemptionReasonCode>
                    <cac:TaxScheme>
                        <cbc:ID schemeAgencyName="PE:SUNAT" schemeID="UN/ECE 5153" schemeName="Codigo de tributos">1000</cbc:ID>
                        <cbc:Name>IGV</cbc:Name>
                        <cbc:TaxTypeCode>VAT</cbc:TaxTypeCode>
                    </cac:TaxScheme>
                </cac:TaxCategory>
            </cac:TaxSubtotal>
        </cac:TaxTotal>
        <cac:Item>
            <cbc:Description><![CDATA[Item2]]></cbc:Description>
        </cac:Item>
        <cac:Price>
            <cbc:PriceAmount currencyID="PEN">100.00</cbc:PriceAmount>
        </cac:Price>
    </cac:InvoiceLine>
</Invoice>